{"cameraMode":{"drawMode":0,"name":"Shaded","section":"Shading Mode"},"sceneLighting":false,"audioPlay":false,"sceneViewState":{"showFog":false,"showMaterialUpdate":false,"showSkybox":false,"showFlares":false,"showImageEffects":false,"showParticleSystems":false},"in2DMode":false,"pivot":{"x":2.470937728881836,"y":-0.9099836349487305,"z":-13.490701675415039},"rotation":{"x":-0.17629018425941468,"y":-0.4101960361003876,"z":0.08114991337060929,"w":-0.8911092877388},"size":27.58887481689453,"orthographic":false}